X1,X2,X3
0.995038125,0.925410872,2
0.980117317,0.925410872,2
0.978295792,0.925410872,2
0.977540047,0.925410872,2
0.973847538,0.925410872,2
0.972436088,0.925410872,1
0.971968334,0.925410872,2
0.971789672,0.925410872,2
0.971436836,0.925410872,2
0.970534766,0.925410872,2
0.970511647,0.925410872,2
0.970228156,0.925410872,2
0.96942379,0.925410872,2
0.967428871,0.925410872,2
0.967255857,0.925410872,2
0.966826942,0.925410872,2
0.966769526,0.925410872,2
0.966397726,0.925410872,2
0.965493684,0.925410872,2
0.965165251,0.925410872,2
0.964484055,0.925410872,1
0.964448548,0.925410872,2
0.96397724,0.925410872,2
0.963807946,0.925410872,2
0.963749096,0.925410872,2
0.963405706,0.925410872,2
0.96321327,0.925410872,2
0.963153242,0.925410872,2
0.963009792,0.925410872,1
0.962482461,0.925410872,2
0.962001334,0.925410872,2
0.96183609,0.925410872,2
0.961780927,0.925410872,2
0.961481945,0.925410872,2
0.96133967,0.925410872,2
0.961209458,0.925410872,2
0.960924978,0.925410872,2
0.960507147,0.925410872,2
0.959841628,0.925410872,2
0.959786131,0.925410872,2
0.959601344,0.925410872,2
0.959193237,0.925410872,2
0.959084947,0.925410872,2
0.958254467,0.925410872,2
0.957399175,0.925410872,2
0.956195926,0.925410872,2
0.955642323,0.925410872,2
0.955536486,0.925410872,2
0.955223915,0.925410872,2
0.95474366,0.925410872,2
0.954549706,0.925410872,2
0.95436948,0.925410872,2
0.954329352,0.925410872,2
0.954080656,0.925410872,2
0.954006192,0.925410872,2
0.953915635,0.925410872,2
0.953636254,0.925410872,2
0.9534639,0.925410872,2
0.952249553,0.925410872,2
0.951604926,0.925410872,2
0.951008442,0.925410872,2
0.950947748,0.925410872,2
0.95079828,0.925410872,2
0.949293393,0.925410872,2
0.948451049,0.925410872,2
0.948407852,0.925410872,2
0.947373068,0.925410872,2
0.947066398,0.925410872,1
0.946422186,0.925410872,2
0.945665336,0.925410872,2
0.945427429,0.925410872,1
0.945339378,0.925410872,2
0.945245204,0.925410872,2
0.944894941,0.925410872,2
0.944688106,0.925410872,2
0.943578076,0.925410872,2
0.943028377,0.925410872,2
0.942942484,0.925410872,2
0.942768705,0.925410872,2
0.942760968,0.925410872,2
0.941985074,0.925410872,2
0.941651631,0.925410872,2
0.941092184,0.925410872,2
0.940668631,0.925410872,2
0.940295274,0.925410872,2
0.940137483,0.925410872,2
0.939993231,0.925410872,2
0.939320819,0.925410872,2
0.938742815,0.925410872,2
0.938533662,0.925410872,2
0.938004697,0.925410872,2
0.937756361,0.925410872,2
0.937533193,0.925410872,2
0.937420572,0.925410872,2
0.937154515,0.925410872,2
0.936756404,0.925410872,1
0.936036832,0.925410872,2
0.935963264,0.925410872,2
0.935124,0.925410872,2
0.934990296,0.925410872,1
0.934762476,0.925410872,2
0.934687491,0.925410872,2
0.934235525,0.925410872,2
0.934161599,0.925410872,2
0.933982584,0.925410872,2
0.933872887,0.925410872,2
0.933205651,0.925410872,2
0.933152493,0.925410872,2
0.932956811,0.925410872,2
0.932919296,0.925410872,2
0.932678109,0.925410872,2
0.932524448,0.925410872,2
0.932193198,0.925410872,2
0.931456498,0.925410872,2
0.93115351,0.925410872,2
0.931082089,0.925410872,2
0.930841584,0.925410872,2
0.930292147,0.925410872,2
0.929336808,0.925410872,2
0.928517731,0.925410872,2
0.92720894,0.925410872,2
0.927194581,0.925410872,2
0.926900147,0.925410872,1
0.926305121,0.925410872,2
0.926116616,0.925410872,2
0.926053834,0.925410872,2
0.925775728,0.925410872,2
0.92525656,0.925410872,2
0.925220732,0.925410872,2
0.92236762,0.925410872,1
0.922361437,0.925410872,2
0.922348396,0.925410872,1
0.92172578,0.925410872,2
0.921547155,0.925410872,2
0.920794524,0.925410872,2
0.920754366,0.925410872,2
0.92039327,0.925410872,2
0.920328583,0.925410872,2
0.919888124,0.925410872,2
0.91934646,0.925410872,2
0.919192969,0.925410872,1
0.918963563,0.925410872,1
0.917189294,0.925410872,2
0.915823011,0.925410872,2
0.914038306,0.925410872,2
0.913418617,0.925410872,2
0.913411825,0.925410872,2
0.912852422,0.925410872,2
0.912668164,0.925410872,2
0.912179575,0.925410872,2
0.912059572,0.925410872,2
0.911927975,0.925410872,2
0.910261662,0.925410872,2
0.909649141,0.925410872,2
0.909038478,0.925410872,2
0.908971981,0.925410872,2
0.908189736,0.925410872,2
0.90818926,0.925410872,2
0.906588047,0.925410872,2
0.904453449,0.925410872,2
0.903944212,0.925410872,2
0.903028495,0.925410872,2
0.90156371,0.925410872,2
0.90009954,0.925410872,2
0.899588882,0.925410872,2
0.899265693,0.925410872,2
0.899037199,0.925410872,2
0.896148555,0.925410872,2
0.893632025,0.925410872,2
0.893284204,0.925410872,1
0.890058333,0.925410872,2
0.890033838,0.925410872,2
0.888586827,0.925410872,2
0.88538357,0.925410872,1
0.88275299,0.925410872,1
0.882517092,0.728952772,2
0.88192396,0.925410872,2
0.880757329,0.925410872,1
0.880006663,0.925410872,2
0.876037809,0.925410872,2
0.873474694,0.925410872,2
0.873173793,0.925410872,2
0.872168288,0.925410872,2
0.872102285,0.592975207,1
0.870610781,0.925410872,2
0.86940107,0.925410872,2
0.869181298,0.925410872,1
0.868041731,0.925410872,2
0.86794691,0.925410872,2
0.867709568,0.925410872,2
0.867074399,0.925410872,1
0.86684625,0.925410872,2
0.864361118,0.925410872,1
0.858467239,0.925410872,1
0.857884164,0.925410872,2
0.856714215,0.925410872,2
0.856264246,0.925410872,2
0.856073575,0.925410872,2
0.853550172,0.925410872,2
0.853446662,0.925410872,2
0.851002064,0.925410872,2
0.84758982,0.925410872,2
0.846800936,0.925410872,2
0.846154961,0.925410872,2
0.845354209,0.925410872,2
0.843444537,0.925410872,2
0.842863642,0.925410872,2
0.838523678,0.728952772,2
0.837247631,0.925410872,1
0.831425284,0.925410872,2
0.824598057,0.728952772,2
0.822104076,0.728952772,2
0.819333025,0.728952772,2
0.818078607,0.925410872,2
0.816916356,0.728952772,2
0.808175519,0.728952772,1
0.801015919,0.728952772,1
0.795335322,0.728952772,2
0.791763001,0.925410872,2
0.79122042,0.728952772,2
0.784067299,0.681514477,1
0.782707669,0.464864865,1
0.778941013,0.728952772,1
0.778457212,0.592975207,2
0.77440376,0.728952772,1
0.772574876,0.728952772,2
0.769428076,0.801186944,1
0.75943426,0.728952772,2
0.758508169,0.728952772,2
0.75631639,0.728952772,2
0.756164438,0.801186944,2
0.756095227,0.728952772,2
0.753287783,0.592975207,2
0.752366271,0.801186944,2
0.752234511,0.728952772,2
0.744388645,0.728952772,2
0.744269155,0.801186944,2
0.743567813,0.728952772,2
0.742656176,0.801186944,2
0.740003522,0.801186944,2
0.739551499,0.801186944,1
0.739529072,0.801186944,1
0.737201297,0.728952772,1
0.737109099,0.728952772,1
0.736108472,0.728952772,2
0.731573242,0.592975207,2
0.73075023,0.592975207,2
0.730724108,0.592975207,1
0.728637776,0.728952772,2
0.728340823,0.728952772,1
0.726482331,0.728952772,2
0.725672683,0.728952772,2
0.724975446,0.801186944,1
0.722366299,0.728952772,2
0.722025285,0.801186944,2
0.722001399,0.681514477,2
0.72142,0.728952772,2
0.720243148,0.37147737,2
0.719333938,0.681514477,1
0.719327332,0.681514477,2
0.718511414,0.681514477,2
0.71813168,0.681514477,2
0.717848595,0.728952772,2
0.717004874,0.801186944,2
0.713091477,0.728952772,2
0.713040481,0.728952772,2
0.711532847,0.728952772,2
0.711253792,0.728952772,2
0.711236596,0.681514477,2
0.710976485,0.728952772,2
0.710344491,0.464864865,2
0.70927473,0.592975207,2
0.708476788,0.801186944,2
0.70778215,0.801186944,2
0.705983212,0.592975207,1
0.705827715,0.801186944,2
0.704868995,0.37147737,2
0.704455007,0.728952772,2
0.704232455,0.801186944,2
0.703856418,0.37147737,1
0.703400238,0.358938153,2
0.702424842,0.681514477,2
0.701203895,0.801186944,2
0.700129568,0.728952772,2
0.700000792,0.728952772,2
0.698675029,0.728952772,2
0.697303146,0.801186944,2
0.69672807,0.358938153,2
0.694963577,0.728952772,1
0.694209098,0.728952772,2
0.693904676,0.728952772,2
0.69353801,0.464864865,2
0.69025908,0.728952772,1
0.689151956,0.728952772,1
0.688711584,0.728952772,2
0.687375936,0.37147737,2
0.686009839,0.728952772,2
0.685633147,0.37147737,1
0.685192174,0.592975207,2
0.684364535,0.681514477,2
0.681757232,0.681514477,2
0.681439414,0.728952772,1
0.681062682,0.728952772,2
0.680811358,0.728952772,1
0.680322061,0.801186944,2
0.680075609,0.681514477,2
0.680050189,0.681514477,2
0.679005092,0.358938153,2
0.677284038,0.728952772,1
0.676581313,0.358938153,2
0.676267006,0.681514477,1
0.675904566,0.728952772,1
0.675131141,0.728952772,1
0.673429797,0.592975207,2
0.673145844,0.728952772,2
0.672429057,0.728952772,2
0.670825666,0.464864865,2
0.670795305,0.681514477,1
0.670627337,0.681514477,2
0.670558471,0.681514477,2
0.669920229,0.681514477,1
0.669626418,0.801186944,2
0.668990999,0.681514477,1
0.668742186,0.681514477,2
0.66811376,0.728952772,1
0.667953688,0.681514477,2
0.66787973,0.681514477,2
0.667876591,0.681514477,2
0.667668411,0.681514477,2
0.667485994,0.681514477,2
0.667432034,0.681514477,2
0.667366327,0.801186944,2
0.667091142,0.681514477,1
0.666758038,0.681514477,2
0.666576082,0.681514477,1
0.666249871,0.464864865,1
0.666217033,0.681514477,1
0.665090632,0.681514477,1
0.664996356,0.37147737,1
0.664967416,0.801186944,1
0.664887044,0.681514477,2
0.663402479,0.681514477,2
0.663160766,0.728952772,1
0.662598998,0.681514477,2
0.662551285,0.728952772,1
0.66230748,0.464864865,1
0.662183321,0.728952772,2
0.661382077,0.801186944,2
0.661353692,0.464864865,2
0.661225795,0.592975207,1
0.660865963,0.801186944,2
0.660362134,0.728952772,2
0.658789857,0.728952772,1
0.658483565,0.464864865,2
0.658408151,0.801186944,2
0.658221056,0.801186944,2
0.657556204,0.728952772,2
0.657057679,0.728952772,2
0.656889905,0.37147737,2
0.656545703,0.592975207,2
0.656463029,0.358938153,1
0.656362143,0.801186944,2
0.655833947,0.37147737,1
0.655130721,0.681514477,2
0.655070038,0.464864865,2
0.654947721,0.592975207,2
0.654068314,0.801186944,1
0.653628838,0.37147737,2
0.652990989,0.681514477,2
0.65264912,0.801186944,2
0.652384482,0.37147737,1
0.650885273,0.464864865,1
0.65051136,0.728952772,2
0.649735351,0.592975207,1
0.649022098,0.728952772,2
0.649007057,0.801186944,2
0.647021913,0.358938153,1
0.646589546,0.728952772,1
0.646330631,0.728952772,1
0.646095125,0.728952772,2
0.645573,0.592975207,2
0.645118899,0.592975207,2
0.64457167,0.728952772,2
0.644510308,0.728952772,2
0.644477589,0.801186944,2
0.644362537,0.728952772,2
0.644331598,0.728952772,2
0.643721779,0.728952772,2
0.642781304,0.592975207,2
0.641306149,0.358938153,2
0.640955717,0.728952772,1
0.640647856,0.592975207,2
0.640165914,0.464864865,1
0.640098091,0.592975207,2
0.639758611,0.801186944,2
0.638364399,0.728952772,2
0.637242522,0.801186944,1
0.63597055,0.37147737,1
0.634392003,0.801186944,2
0.634121992,0.592975207,2
0.633819556,0.592975207,1
0.633541818,0.358938153,1
0.633491617,0.592975207,2
0.633005251,0.592975207,2
0.632392465,0.728952772,2
0.631583018,0.728952772,2
0.63071776,0.592975207,2
0.630033581,0.681514477,2
0.629389692,0.592975207,2
0.628857338,0.592975207,2
0.628796328,0.728952772,1
0.628787837,0.801186944,2
0.62866533,0.358938153,1
0.62826118,0.681514477,2
0.626915387,0.592975207,2
0.626417715,0.592975207,2
0.625940077,0.728952772,2
0.62579219,0.592975207,2
0.625730202,0.681514477,2
0.625482094,0.728952772,2
0.625122669,0.728952772,2
0.624803046,0.592975207,1
0.624440901,0.681514477,1
0.623659069,0.592975207,2
0.623655047,0.728952772,1
0.623470081,0.592975207,1
0.622225197,0.681514477,2
0.621267989,0.592975207,2
0.620094439,0.592975207,2
0.619596079,0.592975207,2
0.619516818,0.681514477,2
0.619453911,0.37147737,2
0.61922788,0.681514477,2
0.618968504,0.681514477,2
0.618623432,0.37147737,2
0.618483082,0.592975207,1
0.618199871,0.728952772,2
0.617684617,0.37147737,1
0.617641882,0.37147737,1
0.617324643,0.592975207,2
0.617233288,0.801186944,2
0.617183717,0.464864865,1
0.616426175,0.37147737,2
0.616071552,0.681514477,2
0.616060362,0.464864865,1
0.615638911,0.37147737,1
0.615540703,0.681514477,2
0.615089687,0.37147737,1
0.614822233,0.37147737,1
0.61465107,0.37147737,2
0.614589087,0.37147737,2
0.614512336,0.681514477,2
0.614393914,0.37147737,1
0.614297039,0.37147737,2
0.61408534,0.681514477,1
0.613206177,0.681514477,2
0.611369708,0.681514477,2
0.611228663,0.801186944,2
0.610372557,0.728952772,2
0.610297467,0.464864865,2
0.610240725,0.728952772,2
0.610193484,0.681514477,1
0.61018062,0.728952772,2
0.610180116,0.681514477,2
0.60971737,0.592975207,2
0.609537242,0.728952772,1
0.609189334,0.728952772,2
0.607458178,0.801186944,2
0.606222071,0.358938153,1
0.606139481,0.592975207,2
0.605796659,0.464864865,2
0.605664575,0.801186944,1
0.60564212,0.801186944,2
0.604978323,0.801186944,2
0.604977132,0.358938153,2
0.604097268,0.358938153,2
0.603672075,0.728952772,1
0.602873248,0.592975207,1
0.601482835,0.681514477,2
0.600955403,0.464864865,2
0.600451358,0.681514477,2
0.60020578,0.728952772,2
0.600077308,0.464864865,2
0.599669246,0.592975207,2
0.599667814,0.37147737,2
0.599576092,0.801186944,2
0.599421225,0.801186944,2
0.598856468,0.592975207,1
0.598326673,0.592975207,1
0.597481079,0.464864865,1
0.597274991,0.37147737,1
0.597225837,0.681514477,2
0.596987048,0.592975207,1
0.596464323,0.592975207,2
0.596253231,0.464864865,2
0.595924145,0.37147737,2
0.595781247,0.37147737,1
0.595487595,0.681514477,2
0.595048269,0.728952772,2
0.594886568,0.728952772,2
0.593737963,0.37147737,2
0.59343846,0.358938153,1
0.593268418,0.681514477,2
0.59300266,0.728952772,2
0.592783826,0.358938153,1
0.592308833,0.464864865,1
0.592173029,0.37147737,1
0.591917005,0.37147737,1
0.59174986,0.464864865,2
0.591730325,0.37147737,2
0.591523099,0.728952772,2
0.590564007,0.681514477,2
0.589498997,0.728952772,1
0.588852765,0.681514477,2
0.587918638,0.464864865,1
0.587682858,0.592975207,2
0.587465111,0.358938153,2
0.587320886,0.37147737,2
0.586017521,0.592975207,1
0.585525684,0.681514477,2
0.584392831,0.358938153,2
0.583654803,0.592975207,1
0.583592982,0.592975207,2
0.583202908,0.464864865,1
0.582832868,0.358938153,2
0.581830301,0.728952772,2
0.581677271,0.464864865,1
0.58085134,0.592975207,1
0.580197766,0.592975207,2
0.579253741,0.358938153,2
0.579222637,0.728952772,2
0.578766205,0.592975207,1
0.578356031,0.464864865,2
0.578273445,0.464864865,1
0.57799018,0.592975207,2
0.577511021,0.728952772,2
0.577097132,0.592975207,2
0.576991353,0.728952772,1
0.576940118,0.592975207,2
0.576831719,0.37147737,1
0.576750624,0.37147737,2
0.576527527,0.37147737,2
0.576202553,0.37147737,2
0.576033317,0.681514477,1
0.575978643,0.681514477,2
0.575786485,0.728952772,2
0.575717741,0.728952772,2
0.575711997,0.681514477,1
0.575699738,0.728952772,2
0.575688271,0.37147737,2
0.575578774,0.358938153,1
0.575324167,0.37147737,1
0.575296704,0.681514477,1
0.575291704,0.37147737,1
0.575264461,0.464864865,2
0.575138556,0.728952772,2
0.574797797,0.37147737,2
0.574768628,0.37147737,1
0.574594463,0.464864865,2
0.574417574,0.681514477,2
0.574171349,0.728952772,2
0.573858903,0.464864865,1
0.573152978,0.592975207,2
0.572788306,0.358938153,1
0.572709945,0.681514477,1
0.572545436,0.592975207,2
0.572382685,0.464864865,2
0.571996817,0.681514477,2
0.571964157,0.728952772,2
0.571813295,0.592975207,2
0.571801448,0.464864865,1
0.571364432,0.801186944,1
0.570855499,0.358938153,1
0.570524862,0.592975207,2
0.570110286,0.681514477,2
0.569628375,0.592975207,1
0.569546486,0.358938153,1
0.569525231,0.464864865,2
0.569428978,0.592975207,2
0.568287253,0.592975207,1
0.56776481,0.592975207,1
0.567696817,0.592975207,2
0.567385309,0.358938153,1
0.567126569,0.464864865,1
0.567020601,0.37147737,2
0.565721222,0.681514477,2
0.565547564,0.728952772,1
0.565282394,0.37147737,2
0.56484099,0.37147737,2
0.564096122,0.37147737,2
0.563217769,0.801186944,2
0.562765515,0.37147737,1
0.562633389,0.37147737,1
0.562265347,0.37147737,1
0.562201268,0.37147737,2
0.561510988,0.37147737,2
0.561220177,0.681514477,2
0.561067854,0.358938153,2
0.561041494,0.37147737,1
0.560853772,0.37147737,2
0.559293408,0.37147737,1
0.558954401,0.592975207,2
0.558844412,0.592975207,2
0.558809629,0.592975207,2
0.558489575,0.464864865,1
0.55780971,0.37147737,1
0.557602841,0.681514477,2
0.557480352,0.464864865,1
0.557110372,0.592975207,1
0.556872651,0.464864865,2
0.556851191,0.592975207,2
0.556756214,0.592975207,2
0.556143428,0.358938153,2
0.555515668,0.681514477,1
0.555253283,0.464864865,2
0.554621723,0.464864865,2
0.554378008,0.592975207,2
0.554086101,0.801186944,2
0.553596088,0.464864865,1
0.553237625,0.464864865,2
0.552663573,0.358938153,1
0.551804807,0.801186944,2
0.550769927,0.358938153,1
0.550580047,0.592975207,1
0.550201793,0.358938153,2
0.549724075,0.358938153,1
0.549529412,0.358938153,2
0.548356272,0.464864865,1
0.54825527,0.464864865,2
0.547562461,0.464864865,2
0.547019549,0.728952772,1
0.546982374,0.728952772,1
0.546686652,0.37147737,2
0.546068124,0.728952772,2
0.545607016,0.358938153,2
0.545425637,0.464864865,1
0.545264356,0.592975207,2
0.544954517,0.464864865,1
0.544792769,0.681514477,1
0.544254028,0.681514477,2
0.543752492,0.464864865,2
0.543119575,0.358938153,1
0.542973997,0.728952772,1
0.542650921,0.681514477,2
0.542395523,0.592975207,2
0.541882689,0.358938153,2
0.541863341,0.358938153,1
0.541821483,0.681514477,1
0.541649086,0.37147737,2
0.541641291,0.37147737,2
0.541418693,0.464864865,1
0.541409837,0.37147737,1
0.541214251,0.592975207,2
0.54101686,0.592975207,2
0.540659258,0.681514477,2
0.540463498,0.464864865,1
0.540457314,0.358938153,1
0.540382363,0.358938153,2
0.540149455,0.37147737,1
0.540002792,0.592975207,2
0.539852819,0.681514477,2
0.539346652,0.464864865,2
0.539287669,0.592975207,2
0.538885343,0.728952772,2
0.538849792,0.592975207,2
0.538458525,0.37147737,1
0.538455082,0.464864865,2
0.538375915,0.37147737,2
0.537993861,0.681514477,2
0.53759972,0.464864865,2
0.537423547,0.464864865,2
0.53736035,0.681514477,2
0.537309751,0.681514477,2
0.537007575,0.37147737,1
0.536121132,0.592975207,2
0.536077393,0.592975207,1
0.536046751,0.37147737,1
0.535867036,0.681514477,2
0.535763558,0.37147737,2
0.535588734,0.592975207,1
0.535568502,0.681514477,2
0.535007267,0.358938153,2
0.534926985,0.37147737,1
0.534861001,0.592975207,1
0.534764499,0.681514477,1
0.534670756,0.592975207,1
0.534634523,0.37147737,1
0.534498466,0.37147737,1
0.533874024,0.681514477,2
0.53381373,0.728952772,1
0.533795874,0.464864865,1
0.533771187,0.464864865,2
0.533721003,0.592975207,2
0.533681193,0.37147737,1
0.533319682,0.464864865,1
0.533168675,0.592975207,1
0.532906352,0.592975207,2
0.532736382,0.592975207,2
0.532423135,0.592975207,2
0.532153263,0.681514477,2
0.532083368,0.358938153,2
0.531858126,0.801186944,2
0.531758016,0.728952772,2
0.53013949,0.358938153,2
0.529788496,0.358938153,1
0.529640641,0.358938153,2
0.529558826,0.681514477,2
0.529514408,0.592975207,2
0.52944158,0.592975207,1
0.529373826,0.592975207,1
0.529294773,0.592975207,1
0.529282492,0.37147737,1
0.529045562,0.592975207,1
0.529020586,0.592975207,1
0.528942909,0.592975207,2
0.528765136,0.592975207,2
0.528473742,0.592975207,2
0.528470687,0.592975207,1
0.528262864,0.592975207,1
0.528053768,0.592975207,1
0.52801887,0.681514477,2
0.527539403,0.37147737,1
0.527472573,0.592975207,2
0.52723076,0.592975207,2
0.527073143,0.681514477,2
0.526846015,0.592975207,2
0.52663017,0.37147737,1
0.526317996,0.37147737,1
0.525706591,0.37147737,2
0.525370915,0.592975207,2
0.525308671,0.358938153,1
0.525009206,0.37147737,1
0.5248227,0.592975207,2
0.524387949,0.37147737,2
0.524234228,0.592975207,2
0.524218213,0.37147737,2
0.524105716,0.37147737,2
0.523919737,0.37147737,2
0.523505423,0.681514477,1
0.523494817,0.592975207,2
0.52323573,0.37147737,2
0.523112063,0.37147737,1
0.523040901,0.37147737,2
0.522992397,0.592975207,2
0.522945272,0.37147737,1
0.522881872,0.592975207,1
0.522755115,0.592975207,2
0.522655316,0.37147737,1
0.522257518,0.37147737,1
0.521768274,0.37147737,2
0.521753473,0.37147737,2
0.521443054,0.37147737,2
0.521430559,0.37147737,1
0.52142877,0.37147737,1
0.521388978,0.37147737,1
0.521336173,0.37147737,2
0.521304893,0.37147737,1
0.521272142,0.37147737,1
0.520866292,0.37147737,1
0.520776579,0.37147737,2
0.520709614,0.464864865,1
0.520704801,0.37147737,2
0.520577501,0.37147737,2
0.520555049,0.37147737,1
0.520341253,0.37147737,1
0.520178995,0.37147737,2
0.520164732,0.728952772,1
0.520164449,0.37147737,1
0.520105772,0.681514477,2
0.519817737,0.358938153,2
0.519402363,0.681514477,1
0.519358263,0.358938153,2
0.519356408,0.592975207,2
0.519142552,0.681514477,1
0.518990974,0.37147737,1
0.518989443,0.681514477,1
0.517096345,0.464864865,1
0.516192439,0.358938153,2
0.51537397,0.728952772,2
0.515349585,0.728952772,2
0.514355187,0.358938153,1
0.51426502,0.37147737,1
0.514078513,0.358938153,2
0.513514334,0.464864865,1
0.513189694,0.358938153,1
0.512433918,0.728952772,1
0.511306323,0.464864865,2
0.510848865,0.464864865,1
0.510755364,0.801186944,2
0.509975359,0.358938153,1
0.509829903,0.728952772,1
0.509156575,0.358938153,2
0.507760597,0.728952772,1
0.507568825,0.464864865,2
0.506855939,0.592975207,2
0.506746529,0.728952772,1
0.506729224,0.592975207,2
0.506612129,0.464864865,2
0.506290666,0.358938153,1
0.506110005,0.358938153,1
0.506075151,0.358938153,1
0.504719079,0.464864865,2
0.502665749,0.37147737,1
0.502610329,0.464864865,1
0.502368581,0.37147737,2
0.501421783,0.358938153,1
0.50138982,0.592975207,2
0.500784967,0.37147737,2
0.500727738,0.358938153,2
0.500511782,0.37147737,1
0.500505393,0.37147737,2
0.500455741,0.37147737,1
0.500396325,0.358938153,1
0.500382287,0.37147737,1
0.499884658,0.464864865,1
0.499870661,0.358938153,1
0.499823022,0.37147737,2
0.499803291,0.37147737,2
0.499622269,0.464864865,1
0.499505477,0.464864865,2
0.499477317,0.37147737,1
0.49933344,0.37147737,1
0.499251096,0.37147737,2
0.499042491,0.358938153,1
0.499033686,0.37147737,1
0.499021427,0.37147737,1
0.498966474,0.37147737,1
0.498930712,0.592975207,2
0.498803275,0.358938153,1
0.49854866,0.37147737,1
0.497936109,0.358938153,2
0.497813699,0.37147737,1
0.497686445,0.37147737,1
0.497634817,0.37147737,1
0.49741847,0.358938153,2
0.497382003,0.681514477,2
0.496712441,0.37147737,2
0.496527051,0.358938153,1
0.496442401,0.358938153,1
0.496163437,0.464864865,2
0.496153244,0.681514477,2
0.495956687,0.37147737,1
0.495928653,0.592975207,2
0.49548731,0.464864865,2
0.495072097,0.358938153,2
0.494764287,0.358938153,1
0.494445474,0.358938153,2
0.494423556,0.464864865,2
0.494261148,0.358938153,2
0.49422063,0.464864865,2
0.494152189,0.464864865,1
0.493890391,0.358938153,1
0.493835965,0.358938153,1
0.49378061,0.358938153,1
0.493554446,0.464864865,1
0.49305472,0.592975207,1
0.49283945,0.358938153,2
0.491751473,0.592975207,2
0.491702428,0.464864865,2
0.49108057,0.358938153,1
0.490733766,0.358938153,2
0.490631184,0.37147737,2
0.49050425,0.464864865,1
0.489320948,0.358938153,2
0.489153756,0.464864865,1
0.488597711,0.358938153,1
0.488439818,0.358938153,1
0.487525502,0.464864865,2
0.48702267,0.681514477,2
0.486844141,0.464864865,1
0.486781564,0.464864865,1
0.486526006,0.358938153,2
0.486146534,0.358938153,2
0.485888786,0.592975207,1
0.485683732,0.592975207,2
0.485409346,0.37147737,1
0.485382509,0.464864865,2
0.485129886,0.358938153,2
0.485068389,0.592975207,2
0.484893044,0.464864865,1
0.484764066,0.358938153,1
0.48430306,0.592975207,2
0.484208659,0.681514477,2
0.484051034,0.37147737,2
0.48384373,0.37147737,2
0.483706058,0.358938153,1
0.483494262,0.37147737,1
0.483152419,0.592975207,2
0.483006197,0.37147737,2
0.482893737,0.358938153,2
0.482752311,0.464864865,1
0.482619426,0.801186944,2
0.482576372,0.464864865,2
0.482549811,0.37147737,2
0.482538037,0.358938153,1
0.482363437,0.37147737,2
0.482227968,0.37147737,2
0.482113843,0.358938153,1
0.482002352,0.592975207,1
0.481985186,0.37147737,1
0.481826254,0.37147737,1
0.481548583,0.37147737,1
0.481082593,0.37147737,2
0.480840113,0.37147737,1
0.48013798,0.37147737,2
0.480110418,0.37147737,2
0.480095354,0.37147737,1
0.480031567,0.37147737,1
0.47961715,0.358938153,1
0.479597346,0.37147737,1
0.479562653,0.681514477,1
0.479331456,0.358938153,2
0.479208858,0.358938153,1
0.479187367,0.37147737,2
0.47906645,0.37147737,1
0.478662326,0.37147737,2
0.478209551,0.37147737,2
0.477834175,0.37147737,2
0.47769849,0.37147737,1
0.477418206,0.37147737,2
0.477264882,0.464864865,1
0.477262836,0.358938153,2
0.477070928,0.464864865,2
0.476809228,0.37147737,1
0.476367787,0.464864865,1
0.476163869,0.464864865,2
0.476038162,0.37147737,1
0.47601355,0.801186944,1
0.475968383,0.358938153,2
0.475140067,0.681514477,2
0.474844564,0.464864865,1
0.474593124,0.358938153,2
0.474587301,0.358938153,2
0.473808582,0.358938153,2
0.473677285,0.358938153,2
0.473345013,0.592975207,2
0.47291867,0.358938153,1
0.472884641,0.592975207,2
0.472873446,0.464864865,1
0.472662835,0.358938153,1
0.472603132,0.37147737,1
0.472511211,0.681514477,2
0.472255146,0.37147737,1
0.471958422,0.358938153,2
0.471916504,0.592975207,1
0.471780001,0.358938153,2
0.471495318,0.358938153,1
0.471420635,0.681514477,2
0.471406526,0.37147737,2
0.471183429,0.358938153,1
0.470926374,0.358938153,1
0.470480834,0.358938153,1
0.470448538,0.358938153,1
0.46959576,0.358938153,1
0.469444273,0.592975207,1
0.468903963,0.358938153,1
0.468360353,0.358938153,1
0.468339644,0.358938153,1
0.467753442,0.801186944,1
0.466999601,0.37147737,1
0.466847121,0.358938153,1
0.466385608,0.37147737,1
0.465890346,0.358938153,1
0.465210582,0.464864865,1
0.46498337,0.358938153,1
0.464233238,0.37147737,2
0.464111338,0.37147737,2
0.463988924,0.37147737,1
0.463944014,0.464864865,1
0.463139602,0.37147737,2
0.463126757,0.358938153,1
0.463043958,0.464864865,2
0.462815243,0.37147737,2
0.462703913,0.464864865,1
0.46220416,0.37147737,1
0.462074631,0.37147737,2
0.462021525,0.358938153,1
0.461216007,0.358938153,1
0.46085122,0.37147737,1
0.460789554,0.358938153,2
0.460180971,0.37147737,2
0.459826306,0.681514477,1
0.459597143,0.464864865,1
0.459022175,0.358938153,2
0.45882343,0.37147737,1
0.458711923,0.358938153,1
0.458504693,0.464864865,2
0.458088251,0.681514477,1
0.458026459,0.358938153,1
0.458021955,0.464864865,2
0.457396641,0.681514477,2
0.457167648,0.358938153,2
0.457081193,0.464864865,2
0.456696865,0.358938153,2
0.456441206,0.358938153,1
0.456284738,0.358938153,2
0.455831082,0.358938153,1
0.45573904,0.358938153,1
0.455678409,0.464864865,1
0.455651168,0.358938153,1
0.45564244,0.358938153,1
0.455371932,0.358938153,2
0.455364992,0.358938153,2
0.455259718,0.358938153,2
0.455111419,0.358938153,1
0.455009176,0.358938153,2
0.45468994,0.358938153,1
0.454386928,0.358938153,1
0.454171988,0.728952772,1
0.454060869,0.358938153,2
0.453941708,0.358938153,1
0.453666555,0.464864865,1
0.453512264,0.358938153,2
0.453290341,0.358938153,1
0.453266029,0.464864865,1
0.453242518,0.464864865,1
0.453136577,0.358938153,1
0.452663188,0.358938153,1
0.452502442,0.464864865,1
0.452388186,0.464864865,1
0.452280287,0.358938153,1
0.452119248,0.358938153,1
0.452098482,0.358938153,2
0.451885358,0.464864865,2
0.451777439,0.358938153,2
0.451597037,0.358938153,2
0.451573922,0.464864865,2
0.451492634,0.358938153,1
0.451207622,0.464864865,1
0.451157563,0.358938153,2
0.451089957,0.464864865,1
0.450940582,0.358938153,2
0.450577725,0.464864865,1
0.450571656,0.464864865,2
0.450514612,0.801186944,2
0.450121461,0.358938153,2
0.449941071,0.358938153,1
0.449762784,0.464864865,2
0.449579435,0.464864865,2
0.449392689,0.801186944,2
0.448922287,0.37147737,1
0.448642829,0.464864865,1
0.448403352,0.464864865,1
0.448329466,0.358938153,2
0.448241564,0.358938153,2
0.448011072,0.464864865,1
0.447959512,0.464864865,2
0.447872531,0.37147737,1
0.447773196,0.37147737,1
0.447687834,0.464864865,1
0.447613132,0.37147737,1
0.447400378,0.464864865,2
0.447299528,0.464864865,1
0.447002466,0.681514477,2
0.446945798,0.37147737,1
0.446855275,0.358938153,1
0.446614484,0.37147737,1
0.446535239,0.37147737,1
0.446385429,0.358938153,1
0.44599392,0.37147737,1
0.445892317,0.37147737,2
0.445694732,0.358938153,2
0.445412385,0.37147737,1
0.445379836,0.592975207,1
0.445030305,0.37147737,1
0.444962158,0.37147737,1
0.444783554,0.358938153,2
0.444699565,0.37147737,1
0.444609822,0.681514477,1
0.444562062,0.37147737,2
0.444392127,0.358938153,2
0.444260662,0.464864865,1
0.443956063,0.464864865,2
0.443716045,0.464864865,2
0.443290784,0.37147737,1
0.442718727,0.37147737,2
0.442527075,0.681514477,2
0.442467847,0.464864865,2
0.44239923,0.464864865,1
0.442267286,0.37147737,1
0.442056513,0.464864865,1
0.441720765,0.801186944,2
0.441648626,0.464864865,1
0.441453117,0.358938153,1
0.441118832,0.37147737,1
0.440964355,0.37147737,1
0.440939105,0.464864865,2
0.440935781,0.37147737,1
0.440610601,0.37147737,1
0.440610549,0.464864865,1
0.440561235,0.681514477,2
0.440396454,0.37147737,1
0.440225856,0.464864865,1
0.440158909,0.37147737,1
0.440131191,0.37147737,2
0.439982901,0.37147737,2
0.439913002,0.358938153,1
0.439852647,0.681514477,2
0.439716385,0.37147737,1
0.439639837,0.464864865,2
0.439548424,0.37147737,1
0.439468351,0.464864865,2
0.439381339,0.358938153,2
0.439154935,0.358938153,1
0.438890624,0.464864865,1
0.438738244,0.37147737,1
0.438574439,0.358938153,2
0.438511458,0.37147737,1
0.438324902,0.464864865,1
0.437867996,0.37147737,1
0.437789234,0.358938153,1
0.43777385,0.464864865,2
0.43765716,0.37147737,1
0.437612188,0.358938153,2
0.437291108,0.358938153,2
0.436933587,0.358938153,2
0.436733336,0.37147737,1
0.436678266,0.37147737,1
0.436591971,0.464864865,2
0.435767219,0.37147737,1
0.435711142,0.358938153,2
0.43552262,0.37147737,1
0.435487397,0.592975207,1
0.435149482,0.37147737,1
0.435091707,0.464864865,1
0.435073343,0.37147737,1
0.435020244,0.358938153,1
0.435002378,0.464864865,2
0.434921638,0.358938153,2
0.434670687,0.464864865,1
0.434448563,0.464864865,1
0.434422428,0.358938153,2
0.434382177,0.358938153,1
0.434275817,0.37147737,1
0.434108626,0.37147737,1
0.434085227,0.37147737,2
0.433641114,0.37147737,1
0.433555925,0.592975207,2
0.433527203,0.358938153,2
0.433468858,0.37147737,2
0.432982953,0.358938153,2
0.43280531,0.681514477,2
0.432518093,0.358938153,1
0.432347318,0.358938153,1
0.432088778,0.681514477,1
0.431804748,0.37147737,2
0.431669724,0.358938153,2
0.431594492,0.358938153,1
0.431441285,0.358938153,2
0.431351176,0.358938153,2
0.430734317,0.464864865,1
0.43056539,0.358938153,1
0.430524991,0.681514477,2
0.43014129,0.681514477,1
0.429805915,0.358938153,1
0.429685774,0.37147737,1
0.429676731,0.358938153,1
0.42922569,0.464864865,2
0.428988796,0.592975207,1
0.428772597,0.37147737,2
0.428467725,0.37147737,2
0.428450305,0.358938153,1
0.42812867,0.464864865,1
0.427806816,0.37147737,1
0.427779435,0.358938153,1
0.4276422,0.358938153,2
0.427504469,0.358938153,1
0.4272472,0.358938153,2
0.427145186,0.358938153,2
0.426940594,0.464864865,2
0.426725148,0.358938153,1
0.425824391,0.358938153,1
0.425425461,0.358938153,1
0.424948127,0.358938153,1
0.424580451,0.37147737,1
0.424393271,0.464864865,2
0.424112813,0.358938153,2
0.423346957,0.358938153,2
0.423075761,0.358938153,1
0.422080256,0.358938153,2
0.421966369,0.358938153,1
0.421918608,0.358938153,1
0.42186628,0.464864865,2
0.421651119,0.464864865,2
0.42132745,0.358938153,1
0.421204767,0.358938153,2
0.42119019,0.358938153,1
0.421160093,0.464864865,1
0.421158296,0.37147737,2
0.41999179,0.37147737,2
0.419907265,0.358938153,2
0.419562792,0.37147737,1
0.419473283,0.358938153,1
0.419251036,0.358938153,2
0.419192188,0.37147737,1
0.418581757,0.358938153,2
0.418025972,0.37147737,1
0.417995576,0.37147737,1
0.417975306,0.358938153,1
0.417452622,0.37147737,1
0.417448992,0.358938153,1
0.4173473,0.358938153,1
0.417308223,0.358938153,1
0.417233715,0.358938153,2
0.417093814,0.358938153,1
0.416149951,0.358938153,1
0.415324752,0.358938153,1
0.415177311,0.358938153,2
0.415117385,0.358938153,1
0.415098198,0.358938153,1
0.414349822,0.358938153,1
0.414001739,0.358938153,1
0.413800134,0.358938153,1
0.413705514,0.464864865,2
0.413216648,0.358938153,2
0.413210336,0.464864865,2
0.413103095,0.358938153,1
0.412851695,0.358938153,1
0.412795893,0.358938153,1
0.412662468,0.358938153,1
0.412524976,0.358938153,1
0.412431829,0.358938153,1
0.412342887,0.358938153,1
0.412295216,0.358938153,2
0.41222168,0.358938153,2
0.411979827,0.358938153,1
0.411816157,0.358938153,2
0.411656824,0.358938153,2
0.41095626,0.358938153,1
0.410932856,0.358938153,1
0.410841946,0.358938153,1
0.410809541,0.358938153,1
0.410732731,0.358938153,1
0.410452378,0.728952772,1
0.410177027,0.358938153,2
0.410138126,0.358938153,1
0.409534189,0.358938153,1
0.409389811,0.464864865,1
0.40933225,0.358938153,1
0.408856334,0.358938153,1
0.408195594,0.464864865,1
0.408135055,0.358938153,2
0.408023686,0.464864865,1
0.407851372,0.358938153,1
0.407450586,0.358938153,1
0.407220354,0.358938153,1
0.407068654,0.358938153,1
0.407058927,0.464864865,1
0.406922735,0.358938153,2
0.406409901,0.358938153,1
0.406402034,0.358938153,2
0.406119515,0.464864865,1
0.4050639,0.358938153,1
0.404687789,0.358938153,1
0.404636471,0.37147737,1
0.404409151,0.464864865,2
0.404378148,0.464864865,1
0.403882381,0.37147737,1
0.403720325,0.358938153,1
0.403426062,0.358938153,2
0.403310311,0.37147737,1
0.403195339,0.358938153,2
0.403168375,0.464864865,1
0.402837483,0.358938153,1
0.402831496,0.37147737,1
0.402343251,0.464864865,1
0.402238528,0.358938153,1
0.402061912,0.358938153,2
0.401777292,0.358938153,1
0.401763237,0.464864865,1
0.401289249,0.464864865,1
0.400810788,0.358938153,2
0.400421514,0.358938153,1
0.399756617,0.358938153,1
0.399727559,0.358938153,1
0.399616494,0.358938153,1
0.399572355,0.358938153,2
0.399560846,0.37147737,1
0.39954253,0.464864865,1
0.399420587,0.358938153,2
0.399184788,0.37147737,2
0.398401403,0.358938153,1
0.398149053,0.358938153,1
0.398021003,0.358938153,1
0.397955184,0.464864865,2
0.397774938,0.358938153,1
0.39743244,0.464864865,1
0.397425816,0.358938153,1
0.397303925,0.358938153,2
0.397241579,0.681514477,2
0.397209953,0.464864865,2
0.396935115,0.464864865,1
0.396914467,0.358938153,2
0.396417748,0.358938153,1
0.39633781,0.358938153,1
0.396291272,0.358938153,2
0.395821078,0.464864865,1
0.395466917,0.464864865,2
0.395285855,0.464864865,2
0.39506828,0.358938153,1
0.394966215,0.358938153,2
0.394919199,0.358938153,2
0.394531076,0.464864865,1
0.393972774,0.464864865,1
0.393330341,0.37147737,1
0.393201582,0.358938153,1
0.392990784,0.358938153,1
0.39296281,0.37147737,2
0.392909657,0.37147737,1
0.392861851,0.358938153,2
0.392616791,0.358938153,1
0.392250301,0.37147737,1
0.392164287,0.358938153,2
0.391507099,0.358938153,2
0.391487486,0.358938153,1
0.391301309,0.37147737,1
0.391120299,0.801186944,2
0.390945217,0.358938153,2
0.39071641,0.37147737,2
0.390250139,0.358938153,1
0.390124903,0.358938153,2
0.389795218,0.37147737,1
0.389772159,0.37147737,1
0.389491876,0.37147737,1
0.389423361,0.358938153,2
0.389201785,0.358938153,2
0.389123637,0.358938153,1
0.389037183,0.37147737,1
0.388917453,0.464864865,1
0.388456446,0.358938153,1
0.38817113,0.681514477,1
0.388119173,0.37147737,1
0.387800549,0.358938153,1
0.387709703,0.358938153,2
0.386569828,0.37147737,1
0.386476429,0.358938153,1
0.386205411,0.358938153,1
0.386104796,0.358938153,2
0.385842133,0.358938153,1
0.385813034,0.37147737,1
0.385694608,0.37147737,1
0.385347105,0.37147737,1
0.385145456,0.37147737,1
0.384642414,0.464864865,2
0.384062907,0.358938153,1
0.383643307,0.358938153,2
0.3832634,0.358938153,1
0.383029852,0.358938153,1
0.38266621,0.464864865,2
0.381713468,0.358938153,2
0.381607716,0.358938153,1
0.380681589,0.358938153,1
0.380510843,0.358938153,1
0.380435424,0.358938153,2
0.380010936,0.358938153,1
0.379878779,0.358938153,1
0.379824771,0.37147737,2
0.378962716,0.358938153,1
0.378926142,0.358938153,1
0.378811059,0.358938153,1
0.378768765,0.358938153,2
0.378698538,0.358938153,1
0.378649773,0.358938153,1
0.378541311,0.358938153,2
0.378518881,0.358938153,2
0.378343754,0.358938153,2
0.37831524,0.358938153,2
0.378295103,0.358938153,1
0.378227306,0.358938153,1
0.377850689,0.358938153,2
0.377662791,0.358938153,1
0.377472048,0.358938153,2
0.377398997,0.358938153,1
0.377274597,0.358938153,2
0.376978733,0.358938153,1
0.376844771,0.358938153,1
0.376798837,0.358938153,2
0.376432587,0.358938153,2
0.37638077,0.358938153,1
0.376237717,0.358938153,2
0.375705939,0.358938153,2
0.375379715,0.358938153,2
0.375038967,0.358938153,1
0.374866227,0.358938153,1
0.374734529,0.358938153,1
0.374715859,0.358938153,2
0.374556655,0.358938153,2
0.374522108,0.358938153,2
0.374367512,0.464864865,1
0.374335316,0.358938153,1
0.374204599,0.358938153,2
0.373499093,0.358938153,2
0.373342492,0.358938153,1
0.373322928,0.358938153,1
0.372708954,0.358938153,2
0.372234014,0.358938153,1
0.372162357,0.358938153,1
0.371951959,0.358938153,1
0.371579943,0.358938153,1
0.371545237,0.358938153,2
0.370818161,0.37147737,1
0.370776914,0.358938153,2
0.370464324,0.358938153,2
0.370346029,0.358938153,2
0.370038868,0.358938153,2
0.370033588,0.358938153,2
0.369938907,0.358938153,1
0.369880386,0.358938153,1
0.369877094,0.358938153,1
0.36925325,0.358938153,1
0.368982941,0.358938153,2
0.368480756,0.358938153,2
0.36830554,0.358938153,2
0.368298639,0.464864865,2
0.368182525,0.358938153,1
0.368035345,0.358938153,1
0.367882005,0.358938153,2
0.367870119,0.358938153,2
0.367647494,0.358938153,1
0.367430406,0.358938153,1
0.367243831,0.358938153,1
0.367200764,0.358938153,1
0.367160863,0.358938153,1
0.367160697,0.358938153,1
0.367110107,0.358938153,1
0.366920368,0.358938153,1
0.366909438,0.358938153,1
0.366823971,0.358938153,1
0.366787662,0.464864865,1
0.366712866,0.37147737,1
0.366666091,0.358938153,1
0.366474785,0.358938153,2
0.366046446,0.358938153,1
0.365722081,0.358938153,1
0.365409375,0.358938153,2
0.365215384,0.37147737,1
0.365059537,0.358938153,2
0.365010938,0.358938153,1
0.364723669,0.358938153,1
0.364513064,0.358938153,1
0.364145726,0.358938153,2
0.363527162,0.358938153,1
0.363444146,0.358938153,1
0.363342083,0.358938153,1
0.363027315,0.358938153,2
0.362482916,0.358938153,1
0.362315746,0.464864865,1
0.361925252,0.464864865,2
0.36159305,0.358938153,1
0.361545161,0.358938153,2
0.361539023,0.358938153,1
0.361311132,0.358938153,1
0.361204509,0.358938153,2
0.361133754,0.358938153,2
0.361058045,0.358938153,1
0.360933683,0.358938153,1
0.360725617,0.358938153,1
0.36069228,0.358938153,1
0.360415841,0.358938153,2
0.360412408,0.358938153,1
0.360167137,0.358938153,1
0.360079329,0.358938153,1
0.360033185,0.358938153,2
0.359977534,0.358938153,2
0.359970601,0.358938153,2
0.359949609,0.464864865,1
0.359941832,0.464864865,1
0.35984417,0.464864865,2
0.359811043,0.358938153,1
0.359767014,0.358938153,1
0.359523369,0.358938153,1
0.359218038,0.358938153,2
0.359172631,0.358938153,2
0.359099318,0.358938153,1
0.35901416,0.358938153,1
0.358813432,0.358938153,1
0.358642342,0.358938153,1
0.358209225,0.358938153,1
0.357996242,0.358938153,1
0.357977213,0.358938153,2
0.35791458,0.358938153,1
0.357570647,0.358938153,2
0.357559462,0.37147737,1
0.357471698,0.358938153,1
0.357446575,0.358938153,1
0.357336482,0.358938153,2
0.357030971,0.464864865,1
0.356871965,0.358938153,1
0.356260176,0.358938153,1
0.35588208,0.358938153,1
0.355802897,0.464864865,2
0.355401408,0.37147737,1
0.355292563,0.358938153,2
0.354618012,0.358938153,1
0.354604032,0.358938153,1
0.354534071,0.464864865,2
0.354326612,0.464864865,1
0.35392359,0.37147737,1
0.353251782,0.358938153,1
0.352285251,0.37147737,1
0.351703337,0.37147737,1
0.351504328,0.358938153,1
0.351454422,0.464864865,1
0.351079984,0.358938153,2
0.350027473,0.37147737,1
0.349943635,0.358938153,1
0.34973567,0.37147737,2
0.347704059,0.37147737,2
0.347478899,0.464864865,1
0.346559632,0.464864865,1
0.34634135,0.464864865,2
0.346048297,0.358938153,1
0.345950352,0.37147737,2
0.345885467,0.358938153,2
0.345701353,0.681514477,2
0.345644687,0.358938153,2
0.345009426,0.358938153,1
0.344638734,0.358938153,1
0.344558868,0.358938153,2
0.344223058,0.358938153,1
0.344061696,0.37147737,2
0.343891709,0.358938153,1
0.343879075,0.358938153,2
0.343238503,0.358938153,2
0.342237656,0.358938153,2
0.341959507,0.37147737,1
0.341807394,0.358938153,2
0.341718904,0.464864865,1
0.341711185,0.358938153,2
0.341625033,0.358938153,1
0.341523748,0.37147737,1
0.341498996,0.358938153,1
0.341447066,0.37147737,2
0.340867102,0.358938153,1
0.340411815,0.358938153,1
0.340306952,0.358938153,2
0.340038082,0.358938153,1
0.339936815,0.358938153,1
0.339542448,0.358938153,1
0.33942424,0.358938153,1
0.339007603,0.358938153,1
0.338550274,0.358938153,2
0.338306874,0.358938153,2
0.338230556,0.358938153,1
0.337926439,0.358938153,2
0.33747115,0.464864865,2
0.337167167,0.358938153,1
0.337069067,0.358938153,1
0.33683311,0.464864865,1
0.336670273,0.358938153,2
0.336559927,0.358938153,1
0.336408229,0.358938153,1
0.336139299,0.358938153,1
0.335962541,0.358938153,2
0.335847557,0.358938153,1
0.335777405,0.801186944,2
0.334932576,0.464864865,2
0.334898629,0.358938153,1
0.33356368,0.37147737,1
0.333271657,0.358938153,2
0.331784226,0.37147737,1
0.331544894,0.358938153,1
0.331405473,0.358938153,1
0.331065873,0.358938153,1
0.330899604,0.358938153,2
0.330826147,0.37147737,1
0.330748065,0.358938153,1
0.330581765,0.358938153,1
0.330572302,0.37147737,1
0.330404141,0.358938153,1
0.330157483,0.358938153,2
0.329895768,0.358938153,1
0.329840173,0.358938153,1
0.329661706,0.358938153,2
0.329615343,0.358938153,1
0.329595497,0.358938153,1
0.329319086,0.358938153,1
0.328978475,0.358938153,2
0.328952254,0.37147737,1
0.328779591,0.37147737,1
0.328676139,0.358938153,1
0.32836432,0.358938153,2
0.328305734,0.358938153,1
0.328211044,0.358938153,1
0.328208891,0.37147737,2
0.328207966,0.358938153,1
0.328084644,0.464864865,2
0.327988172,0.358938153,2
0.327971677,0.37147737,1
0.32731107,0.358938153,1
0.326766324,0.358938153,1
0.326684255,0.358938153,1
0.326653989,0.358938153,2
0.326550843,0.358938153,2
0.326238625,0.358938153,2
0.325997321,0.358938153,1
0.325976062,0.358938153,1
0.325959446,0.358938153,2
0.325911837,0.358938153,2
0.325723615,0.464864865,1
0.325669267,0.358938153,2
0.32548811,0.358938153,2
0.325465917,0.358938153,2
0.32529065,0.358938153,2
0.324913017,0.358938153,2
0.324860583,0.358938153,1
0.324802881,0.358938153,1
0.324774693,0.358938153,2
0.32475576,0.358938153,2
0.324533818,0.358938153,1
0.324339918,0.358938153,1
0.324252777,0.358938153,1
0.324234945,0.358938153,2
0.323995452,0.358938153,1
0.323738066,0.358938153,1
0.323701549,0.358938153,1
0.322964876,0.358938153,1
0.322748798,0.358938153,2
0.322326434,0.358938153,1
0.322315844,0.358938153,2
0.322197607,0.358938153,2
0.321971509,0.358938153,1
0.321935361,0.358938153,1
0.321766691,0.358938153,1
0.321385127,0.358938153,1
0.320861445,0.358938153,1
0.320822022,0.358938153,1
0.320755647,0.358938153,1
0.31996109,0.358938153,1
0.319932182,0.358938153,1
0.319429342,0.358938153,1
0.319134215,0.358938153,1
0.318795432,0.464864865,1
0.318091454,0.358938153,1
0.318022289,0.358938153,1
0.31763424,0.464864865,1
0.317510135,0.358938153,1
0.317265906,0.358938153,1
0.317054442,0.358938153,2
0.316915098,0.37147737,1
0.31649918,0.358938153,1
0.315599641,0.358938153,1
0.314855268,0.358938153,2
0.314177943,0.37147737,1
0.313411473,0.358938153,2
0.313385279,0.358938153,1
0.312612302,0.358938153,1
0.311411264,0.358938153,2
0.311406798,0.358938153,1
0.310661442,0.358938153,2
0.310507598,0.358938153,1
0.310274653,0.37147737,1
0.309855416,0.358938153,2
0.309549941,0.464864865,2
0.309023478,0.358938153,1
0.30901411,0.358938153,2
0.30881875,0.358938153,1
0.308512332,0.358938153,1
0.308478043,0.358938153,1
0.308427625,0.358938153,1
0.307963726,0.358938153,1
0.307744323,0.358938153,1
0.307418172,0.358938153,2
0.307398407,0.358938153,2
0.307334768,0.358938153,1
0.30725064,0.37147737,1
0.306895421,0.358938153,1
0.306850903,0.358938153,1
0.306834754,0.358938153,2
0.306630246,0.358938153,2
0.306534689,0.358938153,2
0.306419377,0.358938153,1
0.305976917,0.37147737,1
0.305915063,0.464864865,1
0.305642948,0.358938153,2
0.305203526,0.358938153,1
0.304843171,0.358938153,1
0.304737744,0.358938153,1
0.304681406,0.358938153,1
0.304606109,0.37147737,2
0.304535914,0.358938153,2
0.304430527,0.358938153,2
0.304335067,0.358938153,1
0.303770695,0.358938153,1
0.303596024,0.358938153,2
0.303179766,0.358938153,1
0.30302728,0.358938153,1
0.302453377,0.358938153,1
0.302234737,0.358938153,1
0.30221039,0.37147737,1
0.302018175,0.358938153,2
0.301197761,0.358938153,1
0.301176028,0.358938153,1
0.300954065,0.358938153,1
0.300769869,0.358938153,1
0.300197367,0.358938153,1
0.299971863,0.358938153,1
0.299647516,0.358938153,1
0.299518821,0.358938153,1
0.299428749,0.358938153,1
0.299333332,0.358938153,1
0.299013116,0.358938153,1
0.299006489,0.358938153,1
0.29884926,0.358938153,2
0.298792929,0.358938153,2
0.298718411,0.358938153,2
0.29866676,0.358938153,1
0.298596328,0.358938153,1
0.298475212,0.358938153,1
0.297757518,0.358938153,2
0.297505881,0.358938153,2
0.297167169,0.358938153,1
0.297161363,0.358938153,1
0.296985295,0.358938153,2
0.296704564,0.358938153,1
0.296642401,0.358938153,1
0.296639881,0.358938153,1
0.296566085,0.358938153,2
0.296468993,0.358938153,2
0.296048304,0.358938153,1
0.295951815,0.358938153,1
0.295939067,0.358938153,1
0.295902243,0.358938153,1
0.295826633,0.358938153,2
0.29576927,0.358938153,1
0.295759156,0.358938153,1
0.295645863,0.358938153,1
0.295504159,0.358938153,1
0.295403049,0.358938153,2
0.29523993,0.358938153,1
0.294936069,0.358938153,1
0.294927073,0.358938153,1
0.294924813,0.358938153,2
0.294726273,0.358938153,2
0.294486486,0.358938153,2
0.294305351,0.358938153,1
0.294169508,0.358938153,2
0.294141059,0.358938153,1
0.294128744,0.358938153,1
0.294128118,0.358938153,1
0.293837016,0.358938153,1
0.293672877,0.358938153,2
0.29359824,0.358938153,1
0.293468474,0.358938153,1
0.29316298,0.358938153,2
0.293002792,0.358938153,1
0.292866949,0.358938153,2
0.292530201,0.37147737,1
0.292225501,0.358938153,2
0.29211871,0.358938153,1
0.292099347,0.358938153,2
0.291851848,0.358938153,1
0.291561874,0.358938153,1
0.291427806,0.358938153,1
0.291421226,0.358938153,1
0.291372258,0.358938153,1
0.291121422,0.358938153,2
0.290994147,0.358938153,1
0.290959011,0.358938153,1
0.290792356,0.358938153,1
0.290781057,0.358938153,1
0.290356228,0.358938153,2
0.290350355,0.358938153,1
0.290227896,0.358938153,1
0.290088803,0.358938153,1
0.290042523,0.358938153,1
0.289990117,0.358938153,1
0.289864012,0.358938153,1
0.289841045,0.358938153,2
0.289534871,0.358938153,2
0.289402597,0.358938153,2
0.289304852,0.358938153,1
0.289126237,0.358938153,1
0.289017635,0.358938153,1
0.288924525,0.358938153,2
0.288709169,0.358938153,1
0.288675316,0.358938153,1
0.288564629,0.358938153,1
0.288450406,0.358938153,1
0.288411388,0.358938153,1
0.287920258,0.358938153,1
0.287718115,0.358938153,2
0.287665252,0.358938153,1
0.287537572,0.358938153,1
0.287515764,0.358938153,2
0.287506989,0.358938153,1
0.287484474,0.358938153,2
0.286960787,0.358938153,1
0.286940509,0.358938153,2
0.286724501,0.358938153,1
0.286561596,0.358938153,1
0.286516914,0.358938153,2
0.286182518,0.358938153,1
0.286089599,0.358938153,2
0.285894016,0.358938153,1
0.285774033,0.358938153,2
0.285621542,0.358938153,1
0.285524981,0.358938153,1
0.285266062,0.358938153,1
0.285164364,0.358938153,1
0.284799388,0.358938153,2
0.284701788,0.358938153,2
0.284661573,0.358938153,1
0.284656581,0.358938153,1
0.28417246,0.358938153,1
0.284150847,0.358938153,1
0.283990805,0.358938153,1
0.283657755,0.358938153,1
0.28332755,0.358938153,2
0.283053734,0.358938153,2
0.282954508,0.358938153,1
0.282793172,0.358938153,2
0.282479024,0.358938153,2
0.282296252,0.358938153,2
0.282109751,0.358938153,1
0.281649317,0.358938153,1
0.281592027,0.358938153,2
0.281511711,0.358938153,1
0.281485022,0.358938153,1
0.281446686,0.358938153,2
0.281376817,0.358938153,1
0.281350561,0.358938153,2
0.28128898,0.358938153,2
0.281212433,0.358938153,1
0.281138944,0.358938153,2
0.2810927,0.358938153,1
0.281035601,0.358938153,2
0.280941725,0.358938153,1
0.280788533,0.358938153,1
0.280780477,0.358938153,1
0.280689765,0.358938153,1
0.280456078,0.358938153,1
0.28040864,0.358938153,1
0.28038223,0.358938153,1
0.280312541,0.358938153,2
0.280000848,0.358938153,2
0.279958885,0.358938153,1
0.279738088,0.358938153,2
0.279531844,0.358938153,1
0.279470002,0.358938153,1
0.279427602,0.358938153,1
0.278868287,0.358938153,2
0.278524796,0.358938153,1
0.278219105,0.358938153,2
0.278151871,0.358938153,2
0.278043074,0.358938153,1
0.277409562,0.358938153,1
0.276835382,0.358938153,1
0.275078111,0.358938153,1
0.272123774,0.358938153,2
0.27141356,0.358938153,1
0.271408115,0.358938153,2
0.271328835,0.358938153,2
0.270694558,0.358938153,1
0.27050087,0.358938153,2
0.270316767,0.358938153,2
0.27005209,0.358938153,1
0.269591182,0.358938153,1
0.269274396,0.358938153,1
0.267140382,0.358938153,1
0.265200053,0.358938153,1
0.265193386,0.358938153,1
0.264274911,0.358938153,1
0.262398552,0.358938153,1
0.261766764,0.358938153,1
0.2615191,0.358938153,2
0.261419924,0.358938153,2
0.261380307,0.358938153,2
0.261354682,0.358938153,1
0.261354479,0.358938153,1
0.260651584,0.358938153,1
0.260402407,0.358938153,2
0.260324173,0.358938153,2
0.260273035,0.358938153,1
0.260232178,0.358938153,2
0.259637975,0.358938153,1
0.258985278,0.358938153,2
0.257906241,0.358938153,1
0.257554502,0.358938153,1
0.25635899,0.358938153,1
0.25611421,0.358938153,2
0.256015404,0.358938153,1
0.254159356,0.358938153,1
0.254142107,0.358938153,1
0.253780901,0.358938153,2
0.252908813,0.358938153,2
0.252873124,0.358938153,1
0.252784875,0.358938153,1
0.252673674,0.358938153,1
0.252082379,0.37147737,1
0.252067258,0.358938153,1
0.25206363,0.358938153,2
0.251771577,0.358938153,2
0.251384529,0.358938153,2
0.251009595,0.358938153,2
0.250942792,0.37147737,1
0.250721242,0.358938153,1
0.250642393,0.37147737,1
0.249777256,0.358938153,1
0.249771708,0.358938153,2
0.24968835,0.358938153,1
0.249407363,0.358938153,1
0.249243983,0.358938153,1
0.249158236,0.358938153,1
0.249053306,0.358938153,1
0.248782716,0.358938153,1
0.248755207,0.358938153,1
0.248434232,0.358938153,1
0.248212326,0.358938153,1
0.248140222,0.358938153,1
0.248043708,0.358938153,1
0.24765634,0.358938153,1
0.247489532,0.358938153,2
0.247409018,0.358938153,1
0.247307773,0.358938153,1
0.2472018,0.358938153,1
0.246738095,0.358938153,1
0.246629095,0.358938153,1
0.246574976,0.358938153,1
0.246125569,0.358938153,1
0.246020656,0.358938153,1
0.24542556,0.358938153,1
0.245018604,0.358938153,2
0.244455891,0.358938153,2
0.243822501,0.358938153,2
0.242498092,0.358938153,1
0.241642318,0.358938153,2
0.241604529,0.358938153,1
0.240781239,0.358938153,1
0.2401749,0.358938153,2
0.238949523,0.358938153,2
0.238894761,0.358938153,1
0.238885522,0.358938153,1
0.238857074,0.358938153,1
0.238829199,0.358938153,2
0.238654683,0.358938153,2
0.237933185,0.358938153,1
0.233249126,0.358938153,1
0.231985921,0.358938153,1
0.231162538,0.358938153,1
0.230313967,0.358938153,1
0.230263341,0.358938153,1
0.230262916,0.358938153,1
0.227563603,0.358938153,1
0.227321836,0.358938153,2
0.224867317,0.358938153,1
0.224483258,0.358938153,1
0.222638293,0.358938153,2
0.222469911,0.358938153,1
0.222177059,0.358938153,1
0.222011581,0.358938153,1
0.221777893,0.358938153,1
0.2213953,0.358938153,1
0.22114325,0.358938153,1
0.219877498,0.358938153,1
0.219856633,0.358938153,2
0.219036843,0.358938153,1
0.218640525,0.358938153,2
0.217704866,0.358938153,2
0.217378445,0.358938153,2
0.217192506,0.358938153,1
0.216838694,0.358938153,1
0.216459563,0.358938153,1
0.216066617,0.358938153,1
0.215342371,0.358938153,1
0.215186104,0.358938153,1
0.215165912,0.358938153,1
0.214312851,0.358938153,1
0.213857383,0.358938153,1
0.213649374,0.358938153,1
0.213376577,0.358938153,1
0.2130357,0.358938153,1
0.212992644,0.358938153,1
0.212618794,0.358938153,2
0.212446414,0.358938153,1
0.212004301,0.358938153,1
0.211298867,0.358938153,1
0.211168499,0.358938153,2
0.209094612,0.358938153,1
0.208525364,0.358938153,2
0.207687784,0.358938153,1
0.206143271,0.358938153,1
0.206097936,0.358938153,2
0.203180125,0.358938153,1
0.201921175,0.358938153,1
0.20076119,0.358938153,2
0.200565422,0.358938153,1
0.200193957,0.358938153,1
0.1942972,0.358938153,2
0.191147587,0.358938153,1
0.190817969,0.358938153,1
0.190801991,0.358938153,2
0.190449513,0.358938153,1
0.184822026,0.358938153,2
0.183461409,0.358938153,1
0.182597472,0.358938153,1
0.178457209,0.358938153,1
0.169323545,0.358938153,1
0.149952644,0.358938153,1
0.148261358,0.358938153,1
